﻿면세점,면세점,듀티풀,면세 점,면새점,듀티프리,,,,
브랜드,SM면세점,sm,에스엠,애스앰,SM 면세점,,,,
브랜드,롯데면세점,롯대,롯데,lotte,롯데 면세점,롯대 면세점,,,
브랜드,면세품인도장,면세품 인도장,인도장,인도,,,,,
브랜드,명품브랜드,명품 브랜드,명품,,,,,,
브랜드,삼익면세점,삼익 면세점,삼익,samick,sam,,,,
브랜드,시티면세점,시티 면세점,시티,ct,씨티,,,,
브랜드,신라면세점,신라 면세점,시라,신라,쉴라,shilla,shilladfs,,
브랜드,신세계면세점,신세계 면세점,신세계,신새게,신새개,shinsegae,shin,,
브랜드,엔타스면세점,엔타스 면세점,entas,ent,앤타스,엠타스,,,
이벤트,이벤트,이밴트,event,이벤,이밴,,,,
삼품종류,향수/화장품,향수,화장품,화장,,,,,
삼품종류,주류/담배,술,주류,담배,보루,와인,,,
삼품종류,패션/악세서리,패션,악세서리,액세서리,악세사리,가방,옷,가방,시계
삼품종류,포장식품,식품,음식,먹을거,초콜릿,,,,
삼품종류,유아/기념품,애기용품,아기,기념품,,,,,
삼품종류,전자제품,전자기기,,,,,,,
