﻿Text,Intent Name
면세점은 어떻게 이용하나요?,DUTY_FREE_01
면세점 어떻게 사용해?,DUTY_FREE_01
면세점은 어떻게써?,DUTY_FREE_01
면세점 사용방법이 궁금해,DUTY_FREE_01
면세점 가고 싶어,DUTY_FREE_01
면세점 어떻게 이용해,DUTY_FREE_01
면세점 가고싶은데,DUTY_FREE_01
면세점 이용하고싶은데,DUTY_FREE_01
이용방법이 어떻게 되뇨?,DUTY_FREE_01
이용방법이 따로 있어?,DUTY_FREE_01
면세점 위치가 어떻게 되나요?,DUTY_FREE_02
면세점 위치가 알고 싶어,DUTY_FREE_02
면세점 지도를 볼 수 있을까?,DUTY_FREE_02
면세점 위치를 지도로 보고 싶어,DUTY_FREE_02
면세점을 지도로 보고 싶어,DUTY_FREE_02
지도가 따로 있어?,DUTY_FREE_02
지도좀 보여줘,DUTY_FREE_02
지도보고싶어요,DUTY_FREE_02
지도,DUTY_FREE_02
지도 출력해봐,DUTY_FREE_02
면세점 이벤트가 어떤게 있는지 알려줘,DUTY_FREE_03
면세점도 이벤트하나요?,DUTY_FREE_03
면세점 이벤트 정보 좀 알려주세요,DUTY_FREE_03
면세점 이벤트 한다며?,DUTY_FREE_03
이벤트를 면세점에서도 해?,DUTY_FREE_03
이벤트 있어?,DUTY_FREE_03
진행중인 이벤트좀 보여줘,DUTY_FREE_03
이벤트 보고싶은데,DUTY_FREE_03
이벤트,DUTY_FREE_03
이벤트볼래,DUTY_FREE_03
면세점에서 정관장도 파나?,DUTY_FREE_04
면세점 정관장 사려면 어디로 가야되나요?,DUTY_FREE_04
면세점 정관장 사고 싶어,DUTY_FREE_04
정관장은 어느 면세점에서 팔아요?,DUTY_FREE_04
면세점 정관장을 사고 싶어요,DUTY_FREE_04
정관장 위치좀,DUTY_FREE_04
정관장 어디에 있는지 알아?,DUTY_FREE_04
정관장좀 찾아주세요,DUTY_FREE_04
정관장,DUTY_FREE_04
정관장 위치가 어떻게 되나요?,DUTY_FREE_04
면세점에서 화장품도 파나,DUTY_FREE_05
면세점 중에서 화장품 파는데가 어디에요?,DUTY_FREE_05
면세점에서 화장품 사고 싶어요,DUTY_FREE_05
화장품파는 면세점이 있나요?,DUTY_FREE_05
면세점 화장품은 어디서 팔아요?,DUTY_FREE_05
롯대에 24시간 하는 화장품 매장 있어?,DUTY_FREE_05
롯데면세점 중에 하루종일 하는 화장품 매장좀,DUTY_FREE_05
롯데면세점 저녁에도 여는 화장품 매장 있어?,DUTY_FREE_05
롯제 면세점에 밤 늦게도 열려있는 화장품매장 있을까요?,DUTY_FREE_05
롯데에이십사시간 화장품 매장좀,DUTY_FREE_05
면세점 영업시간을 알려주세요,DUTY_FREE_06
면세점은 언제해요,DUTY_FREE_06
면세점 영업시간은?,DUTY_FREE_06
면세점 운영은 어떻게 되요?,DUTY_FREE_06
면세점 판매시간은 어떻게 되요?,DUTY_FREE_06
영업시간,DUTY_FREE_06
영업시간좀 알려줘봐,DUTY_FREE_06
면세점 언제까지해?,DUTY_FREE_06
언제 열어?,DUTY_FREE_06
몇시에 열고 몇시에 닫아요?,DUTY_FREE_06
하루종일하는 면세점은 뭐가 있나요?,DUTY_FREE_07
새벽에도 면세점하나요?,DUTY_FREE_07
24시간 여는 면세점이 있나요?,DUTY_FREE_07
문 안닫는 면세점도 있어요?,DUTY_FREE_07
항상 문여는 면세점 알려주세요,DUTY_FREE_07
24시간 여는 매장 좀,DUTY_FREE_07
이십사시간 매장 뭐가있어?,DUTY_FREE_07
매일 여는 면세점 좀 알려 주세요,DUTY_FREE_07
하루종일 여는 면세점?,DUTY_FREE_07
계속 열려있는 면세점이 있을까?,DUTY_FREE_07
면세점 전화번호 좀 알려주세요,DUTY_FREE_08
면세점 전화번호가 궁금해요,DUTY_FREE_08
면세점 전화번호가 어떻게 되요?,DUTY_FREE_08
면세점에 전화하고 싶어요,DUTY_FREE_08
전화를 면세점에 하고 싶어요,DUTY_FREE_08
전화번호좀,DUTY_FREE_08
번호좀 알려줘,DUTY_FREE_08
번호 알려주세요,DUTY_FREE_08
면세점 번호가 어떻게 되요?,DUTY_FREE_08
번호좀 알려줘라,DUTY_FREE_08
면세물품 총한도액이 궁금해요,DUTY_FREE_09
면세물품 총한도액이 뭐에요?,DUTY_FREE_09
면세물품 총한도액 기준을 알고 싶어요,DUTY_FREE_09
면세물품 총한도액은 어떻게 되나요?,DUTY_FREE_09
면세물품의 총한도액은 뭐에요?,DUTY_FREE_09
면세 총 한도액이 얼마야,DUTY_FREE_09
얼마까지 면세되?,DUTY_FREE_09
면세되는 한도좀 알려주세요,DUTY_FREE_09
면세는 얼마까지에요?,DUTY_FREE_09
종 얼마까지 면세가 될 수 있을까요?,DUTY_FREE_09
예상 세액이 뭐에요?,DUTY_FREE_10
예상 세액 알려주세요,DUTY_FREE_10
예상 세액이 궁금해요,DUTY_FREE_10
예상 세액 기준이 뭐에요,DUTY_FREE_10
예상 세액 좀 알고 싶어요,DUTY_FREE_10
세액이 얼마나 될지 어떻게 알아?,DUTY_FREE_10
세액 기준좀,DUTY_FREE_10
세액이 얼만지 알고싶은데,DUTY_FREE_10
세금이 얼마나 나올지 알고싶어요,DUTY_FREE_10
세액이 얼마지?,DUTY_FREE_10
면세점에서 산 물건 교환받고 싶어요,DUTY_FREE_11
면세점에서 샀는데 환불받을래요,DUTY_FREE_11
면세점에서 산거 환불받을래요,DUTY_FREE_11
면세점에서 산건데 교환받고 싶어요,DUTY_FREE_11
면세점 물건 환불받을래요,DUTY_FREE_11
교환하고 싶은데,DUTY_FREE_11
환불하고 싶은데,DUTY_FREE_11
교환할거야!!!!,DUTY_FREE_11
교환할래 어디서해?,DUTY_FREE_11
환불은 어디서 할 수 있나요?,DUTY_FREE_11
면세품 인도장 영업시간이 어떻게 되요?,DUTY_FREE_12
면세품 인도장도 닫아요?,DUTY_FREE_12
면세품 인도장은 몇시까지 가야되요?,DUTY_FREE_12
면세품 인도장 정보 좀 알려주세요,DUTY_FREE_12
면세품 인도장 운영시간을 알고 싶어요,DUTY_FREE_12
인도장 언제까지해?,DUTY_FREE_12
인도장은 몇시까지 영업할까요?,DUTY_FREE_12
면세품 인도받으려고하는데 언제까지 받으러 갈 수있어요?,DUTY_FREE_12
미리 사뒀는데 언제까지 영업해요?,DUTY_FREE_12
온라인으로 산거 받으려면 몇시까지 가야되요?,DUTY_FREE_12
면세점 입국시 이용 문의,DUTY_FREE_13
입국할때 면세점 이용할 수 있나요?,DUTY_FREE_13
입국할때 면세점 있어요?,DUTY_FREE_13
면세점을 입국할때 이용하고 싶어요,DUTY_FREE_13
내일 입국하는데 면세점 이용할 수 있나요?,DUTY_FREE_13
한국 들어와서 면세점 갈 수있어요?,DUTY_FREE_13
입국해서 면세점 갈 수 있어?,DUTY_FREE_13
입국하는데 면세점 들를수 있나?,DUTY_FREE_13
한국와서 입국할 때 면세점 있나?,DUTY_FREE_13
입국 면세점,DUTY_FREE_13
내국인 구입 총한도액,DUTY_FREE_14
내국인은 얼마까지 살 수 있나요,DUTY_FREE_14
내국인이 살 수 있는 총 한도액은 얼마에요?,DUTY_FREE_14
내국인 기준 총 한도액이 궁금해요,DUTY_FREE_14
내국인이 구입할 수 있는 총한도액은 얼마에요?,DUTY_FREE_14
우리나라사람은 얼마나 구매해도 되?,DUTY_FREE_14
한국인 구매한도,DUTY_FREE_14
내국인 구매한도 알려줘봐,DUTY_FREE_14
구매한도 알고싶은데,DUTY_FREE_14
얼마나 살수있지?,DUTY_FREE_14
면세점 입점 브랜드가 궁금애요,DUTY_FREE_15
면세점 브랜드가 뭐뭐있어,DUTY_FREE_15
면세점에는 어떤 브랜드가 있을까,DUTY_FREE_15
면세점 브랜드가 궁금해,DUTY_FREE_15
면세점에 어떤 브랜드가 있을까요?,DUTY_FREE_15
매장 종류좀 알려줘,DUTY_FREE_15
면세점 뭐가있는지 알고싶은데,DUTY_FREE_15
브랜드가 뭐가 있을까,DUTY_FREE_15
면세점 브랜드는?,DUTY_FREE_15
브랜드 알려줘,DUTY_FREE_15
,
,
,
,
,
,
,
,
,
,
,
,
,
,
,
,
,
,
,
,
,
,
,
,
,
,
,
,
,
,
,
,
,
,
,
,
,
,
,
,
,
,
,
,
,
,
,
,
,
,
,
,
,
,
,
,
,
,
,
,
,
,
,
,
,
,
,
,
,
,
,
,
,
,
,
