{"name":"챗봇 심화 교육","intents":[{"intent":"travel_ban_country","examples":[{"text":"여행 금지 국가를 알고 싶어"},{"text":"여행금지 지역은 어디야?"},{"text":"여행금지로 지정된 국가"},{"text":"여행을 갈 수 없는 나라"},{"text":"방문이 금지된 국가 알려줘"},{"text":"여행금지 국가 지정 현황은?"},{"text":"여행금지국가가 궁금해"},{"text":"방문할수 없는 국가는 어디?"}],"description":"여행금지국가 문의"},{"intent":"airport_restaurant","examples":[{"text":"식당 안내해줘"},{"text":"배고파"},{"text":"식사할 수 있는곳"},{"text":"식당은 어디에 있어?"},{"text":"음식점 정보가 궁금해"},{"text":"밥먹고 싶어"},{"text":"식사를 하고 싶어"},{"text":"밥 먹을 수 있는데 알려줘"},{"text":"식당에 가고 싶어"}],"description":"식당 문의"},{"intent":"airport_overcoat","examples":[{"text":"외투보관서비스"},{"text":"외투 보관 서비스"},{"text":"외투 보관 하고 싶어"},{"text":"외투 보관 서비스 알려줘"},{"text":"외투보관 할래"}],"description":"외투(코트) 보관 문의"},{"intent":"airport_tour_area","examples":[{"text":"지역별 관광정보 추천해줘"},{"text":"지역 관광정보 알려줘"},{"text":"지역별 관광지 알려줘"},{"text":"지역 관광명소 추천해줘"},{"text":"지역 명소를 알려줘"}],"description":"지역별 관광정보 문의"}],"entities":[{"entity":"category_tour","values":[{"type":"synonyms","value":"A01","metadata":null,"synonyms":["자연"]},{"type":"synonyms","value":"A02","metadata":null,"synonyms":["인문(문화/예술/역사)"]},{"type":"synonyms","value":"A03","metadata":null,"synonyms":["레포츠"]},{"type":"synonyms","value":"A04","metadata":null,"synonyms":["쇼핑"]},{"type":"synonyms","value":"A05","metadata":null,"synonyms":["음식"]},{"type":"synonyms","value":"B02","metadata":null,"synonyms":["숙박"]},{"type":"synonyms","value":"C01","metadata":null,"synonyms":["추천코스"]}],"metadata":null,"description":null,"fuzzy_match":false},{"entity":"category_area","values":[{"type":"synonyms","value":"5","metadata":null,"synonyms":["광주시","광주","광주광역시"]},{"type":"synonyms","value":"7","metadata":null,"synonyms":["울산시","울산","울산광역시"]},{"type":"synonyms","value":"6","metadata":null,"synonyms":["부산시","부산","부산광역시"]},{"type":"synonyms","value":"4","metadata":null,"synonyms":["대구시","대구","대구광역시"]},{"type":"synonyms","value":"3","metadata":null,"synonyms":["대전시","대전","대전광역시"]},{"type":"synonyms","value":"2","metadata":null,"synonyms":["인천시","인천광역시","인천"]},{"type":"synonyms","value":"1","metadata":null,"synonyms":["서울시","서울특별시","서울"]},{"type":"synonyms","value":"8","metadata":null,"synonyms":["세종시","세종특별자치시","세종"]},{"type":"synonyms","value":"31","metadata":null,"synonyms":["경기도","경기"]},{"type":"synonyms","value":"32","metadata":null,"synonyms":["강원도","강원"]},{"type":"synonyms","value":"34","metadata":null,"synonyms":["충청남도","충남"]},{"type":"synonyms","value":"33","metadata":null,"synonyms":["충청북도","충북"]},{"type":"synonyms","value":"35","metadata":null,"synonyms":["경상북도","경북"]},{"type":"synonyms","value":"36","metadata":null,"synonyms":["경상남도","경남"]},{"type":"synonyms","value":"37","metadata":null,"synonyms":["전라북도","전북"]},{"type":"synonyms","value":"38","metadata":null,"synonyms":["전라남도","전남"]},{"type":"synonyms","value":"39","metadata":null,"synonyms":["제주도","제주","제주특별자치도"]}],"metadata":null,"description":null},{"entity":"overcoat_store","values":[{"type":"synonyms","value":"클린업에어 세탁소","metadata":null,"synonyms":["클린업에어","1","클린업","세탁소"]},{"type":"synonyms","value":"SPA ON AIR","metadata":null,"synonyms":["SPA ON AIR","2","SPA"]},{"type":"synonyms","value":"CJ대한통운","metadata":null,"synonyms":["CJ","3","대한"]},{"type":"synonyms","value":"한진택배","metadata":null,"synonyms":["4","한진"]}],"metadata":null,"description":null},{"entity":"travel_ban_country","values":[{"type":"synonyms","value":"252","metadata":null,"synonyms":["필리핀"]},{"type":"synonyms","value":"294","metadata":null,"synonyms":["예멘"]},{"type":"synonyms","value":"284","metadata":null,"synonyms":["아프가니스탄"]},{"type":"synonyms","value":"174","metadata":null,"synonyms":["이라크"]},{"type":"synonyms","value":"120","metadata":null,"synonyms":["소말리아"]},{"type":"synonyms","value":"131","metadata":null,"synonyms":["시리아"]},{"type":"synonyms","value":"375","metadata":null,"synonyms":["리비아"]}],"metadata":null,"description":null},{"entity":"category_restaurant","values":[{"type":"synonyms","value":"한식","metadata":null,"synonyms":["한국음식","1"]},{"type":"synonyms","value":"양식","metadata":null,"synonyms":["서양음식","2"]},{"type":"synonyms","value":"아시안","metadata":null,"synonyms":["아시아음식","3"]}],"metadata":null,"description":null}],"language":"ko","metadata":{"api_version":{"major_version":"v1","minor_version":"2017-05-26"}},"description":"","dialog_nodes":[{"type":"standard","title":null,"output":{"text":{"values":["잘못 선택 하셨습니다. 다시 선택해 주세요."],"selection_policy":"sequential"}},"parent":"node_5_1531940178770","context":{"check_return":false},"metadata":{},"next_step":{"behavior":"jump_to","selector":"user_input","dialog_node":"node_6_1531940178770"},"conditions":"!@category_tour","description":null,"dialog_node":"node_20_1531940513865","previous_sibling":"node_6_1531940178770"},{"type":"slot","title":null,"output":null,"parent":"node_5_1531940178770","context":null,"metadata":null,"next_step":null,"conditions":null,"description":null,"dialog_node":"slot_16_1531940275662","previous_sibling":"node_20_1531940513865"},{"type":"standard","title":"지역별 관광안내(Open API) A-Chat UI 적용(img_slider)","output":{"initClear":"<? context.remove('category_area') ?>"},"parent":"node_5_1531940178770","context":{"linkValue":"183","param_list":{"param1":"XWLoKWKK1OoxX14HNLXd%2BEapa2J4SaZZwSPRE8LSYL6oNxFY7uTDF5QCFn0VsSTk3r5AQyBPu%2FvwcF%2FdwVswmQ%3D%3D","param2":"ETC","param3":"app1","param4":"<? @category_tour ?>","param5":"<? $category_area ?>","param6":"json"},"returnType":"L","returnValue":"183"},"metadata":{"fallback":"leave"},"next_step":null,"conditions":"@category_tour","description":null,"dialog_node":"node_6_1531940178770","digress_out":"allow_all","previous_sibling":null},{"type":"standard","title":null,"output":{},"parent":"node_2_1531894442315","context":null,"metadata":{},"next_step":{"behavior":"jump_to","selector":"body","dialog_node":"node_2_1531894442315"},"conditions":"!@overcoat_store","description":null,"dialog_node":"node_4_1531894658319","previous_sibling":"node_3_1531938283426"},{"type":"standard","title":"외투보관 A-Chat UI 적용(img, url)","output":{"text":{"values":["[한진택배]<br>\n▷위치: 인천공항 여객터미널 3층 M카운터 뒷편<br>\n▷운영시간: 24시간 운영<br>\n▷내용: 1개당 1일 2,500원<br><br>\n\n추가 정보는 아래 링크에서 확인하실 수 있습니다."],"selection_policy":"sequential"}},"parent":"node_2_1531894442315","context":{"achat_ui":{"img":["https://www.airport.kr/fileroot/fic/img_1/hanjin.png"],"content":[{"url":"https://www.airport.kr/ap/ko/svc/getFacilityMain.do?CTGRY_ID=16","title":"홈페이지>안내/서비스>안내/편의시설>택배/우편"}],"ui_type":"url"}},"metadata":{},"next_step":null,"conditions":"@overcoat_store:한진택배","description":null,"dialog_node":"node_3_1531938283426","previous_sibling":"node_2_1531938277435"},{"type":"standard","title":"외투보관 A-Chat UI 적용(img, url)","output":{"text":{"values":["[SPA ON AIR(사우나)]<br>\n▷위치: 인천공항 여객터미널 지하 1층 동편<br>\n▷운영시간: 24시간 운영<br>\n▷가격: 1개당 1일 2,000원<br><br>\n\n추가 정보는 아래 링크에서 확인하실 수 있습니다."],"selection_policy":"sequential"}},"parent":"node_2_1531894442315","context":{"achat_ui":{"img":["https://www.airport.kr/fileroot/fic/20180213103633441_0.PNG"],"content":[{"url":"https://www.airport.kr/ap/ko/svc/getFacilityMain.do?CTGRY_ID=14&UPPER_ID=145","title":"홈페이지>안내/서비스>안내/편의시설>라운지/호텔/휴식>샤워"}],"ui_type":"url"}},"metadata":{},"next_step":null,"conditions":"@overcoat_store:(SPA ON AIR)","description":null,"dialog_node":"node_1_1531938274219","previous_sibling":"node_3_1531894538229"},{"type":"standard","title":"외투보관 A-Chat UI 적용(img, url)","output":{"text":{"values":["[CJ대한통운]<br>\n▷위치: 인천공항 여객터미널 3층 A카운터 뒷편<br>\n▷운영시간: 24시간 운영<br>\n▷내용: 1박스당 1일 6,000원~14,000원<br><br>\n\n추가 정보는 아래 링크에서 확인하실 수 있습니다."],"selection_policy":"sequential"}},"parent":"node_2_1531894442315","context":{"achat_ui":{"img":["https://www.airport.kr/fileroot/fic/20180116232224929_0.png"],"content":[{"url":"https://www.airport.kr/ap/ko/svc/getFacilityMain.do?CTGRY_ID=16","title":"홈페이지>안내/서비스>안내/편의시설>택배/우"}],"ui_type":"url"}},"metadata":{},"next_step":null,"conditions":"@overcoat_store:CJ대한통운","description":null,"dialog_node":"node_2_1531938277435","previous_sibling":"node_1_1531938274219"},{"type":"standard","title":"외투보관 A-Chat UI 적용(img, url)","output":{"text":{"values":["[클린업에어 세탁소]<br>\n▷위치: 인천국제공항 여객터미널 지하 1층 서편<br>\n▷운영시간: 08:00-20:00(평일) / 08:00-18:00(주말, 휴일)<br>\n▷가격: 1개당 6박7일 10,000원(이후 1일 2,000원씩 추가)<br><br>\n\n추가 정보는 아래 링크에서 확인하실 수 있습니다."]}},"parent":"node_2_1531894442315","context":{"achat_ui":{"img":["https://www.airport.kr/fileroot/fic/img_1/cleanup.png"],"content":[{"url":"https://www.airport.kr/ap/ko/svc/getFacilityMain.do?CTGRY_ID=19&UPPER_ID=191","title":"홈페이지>안내/서비스>안내/편의시설>기타편의>세탁"}],"ui_type":"url"}},"metadata":{"_customization":{"mcr":false}},"next_step":null,"conditions":"@overcoat_store:(클린업에어 세탁소)","description":null,"dialog_node":"node_3_1531894538229","digress_out":"allow_all","previous_sibling":null},{"type":"slot","title":null,"output":null,"parent":"node_6_1531940178770","context":null,"metadata":null,"next_step":null,"conditions":null,"description":null,"dialog_node":"slot_21_1531940552877","previous_sibling":null},{"type":"response_condition","title":null,"output":{"text":{"values":["▷위치: 인천공항 여객터미널 3층 A카운터 뒷편<br> ▷운영시간: 24시간 운영<br> ▷내용: 1박스당 1일 6,000원~14,000원"]}},"parent":"node_29_1531902289783","context":null,"disabled":true,"metadata":{},"next_step":null,"conditions":"@overcoat_store:CJ대한통운","description":null,"dialog_node":"node_35_1531902289785","previous_sibling":"node_34_1531902289785"},{"type":"response_condition","title":null,"output":{"text":{"values":["▷위치: 인천공항 여객터미널 지하 1층 동편<br> ▷운영시간: 24시간 운영<br> ▷가격: 1개당 1일 2,000원"]}},"parent":"node_29_1531902289783","context":null,"disabled":true,"metadata":{},"next_step":null,"conditions":"@overcoat_store:(SPA ON AIR)","description":null,"dialog_node":"node_34_1531902289785","previous_sibling":"node_33_1531902289785"},{"type":"slot","title":null,"output":{},"parent":"node_29_1531902289783","context":null,"metadata":{},"variable":"$overcoat_store","next_step":null,"conditions":null,"description":null,"dialog_node":"slot_30_1531902289785","previous_sibling":"node_36_1531902289785"},{"type":"response_condition","title":null,"output":{"text":{"values":["▷위치: 인천공항 여객터미널 3층 M카운터 뒷편<br> ▷운영시간: 24시간 운영<br> ▷내용: 1개당 1일 2,500원"]}},"parent":"node_29_1531902289783","context":null,"disabled":true,"metadata":{},"next_step":null,"conditions":"@overcoat_store:한진택배","description":null,"dialog_node":"node_36_1531902289785","previous_sibling":"node_35_1531902289785"},{"type":"response_condition","title":null,"output":{"text":{"values":["▷위치: 인천국제공항 여객터미널 지하 1층 서편<br> ▷운영시간: 08:00-20:00(평일) / 08:00-18:00(주말, 휴일)<br> ▷가격: 1개당 6박7일 10,000원(이후 1일 2,000원씩 추가)"],"selection_policy":"sequential"}},"parent":"node_29_1531902289783","context":{},"disabled":true,"metadata":{},"next_step":null,"conditions":"@overcoat_store:(클린업에어 세탁소)","description":null,"dialog_node":"node_33_1531902289785","previous_sibling":null},{"type":"event_handler","title":null,"output":{},"parent":"slot_13_1531940178770","context":null,"metadata":{},"next_step":null,"conditions":null,"event_name":"focus","description":null,"dialog_node":"handler_15_1531940178770","previous_sibling":"handler_14_1531940178770"},{"type":"event_handler","title":null,"output":{},"parent":"slot_13_1531940178770","context":null,"metadata":{},"next_step":null,"conditions":null,"event_name":"input","description":null,"dialog_node":"handler_14_1531940178770","previous_sibling":null},{"type":"standard","title":null,"output":{},"parent":"node_31_1531945357834","context":null,"metadata":{},"next_step":{"behavior":"jump_to","selector":"body","dialog_node":"node_31_1531945357834"},"conditions":"!@travel_ban_country","description":null,"dialog_node":"node_33_1531945427626","previous_sibling":"node_32_1531945414106"},{"type":"standard","title":"여행금지국가 조회((Open API) A-Chat UI 적용(img, url)","output":{},"parent":"node_31_1531945357834","context":{"linkValue":"188","param_list":{"param1":"XWLoKWKK1OoxX14HNLXd%2BEapa2J4SaZZwSPRE8LSYL6oNxFY7uTDF5QCFn0VsSTk3r5AQyBPu%2FvwcF%2FdwVswmQ%3D%3D","param2":"<? @travel_ban_country ?>","param3":"json"},"returnType":"L","returnValue":"188"},"metadata":{},"next_step":null,"conditions":"@travel_ban_country","description":null,"dialog_node":"node_32_1531945414106","previous_sibling":null},{"type":"standard","title":"식당안내 A-Chat UI 적용(img_slider)","output":{"text":{"values":["아시안 식당 안내입니다"],"selection_policy":"sequential"}},"parent":"node_1_1531960686361","context":{"achat_ui":{"content":[{"img_url":"https://www.airport.kr/fileroot/fic/20180209094326953_0.PNG","img_title":"<p style='color: blue; margin-left: -40px;'><a href='https://www.airport.kr/ap/ko/map/mapInfo.do?SN=1699' target='_blank'>영빈루(상세정보)</a></p>"},{"img_url":"https://www.airport.kr/fileroot/fic/img_1/sanuki.png","img_title":"<p style='color: blue; margin-left: -40px;'><a href='https://www.airport.kr/ap/ko/map/mapInfo.do?SN=1756' target='_blank'>사누끼보레(상세정보)</a></p>"},{"img_url":"https://www.airport.kr/fileroot/fic/20180531153348757_0.jpg","img_title":"<p style='color: blue; margin-left: -40px;'><a href='https://www.airport.kr/ap/ko/map/mapInfo.do?SN=2078' target='_blank'>방콕9(상세정보)</a></p>"}],"ui_type":"img_slider"}},"metadata":{},"next_step":null,"conditions":"@category_restaurant:아시안","description":null,"dialog_node":"node_4_1531960686391","previous_sibling":"node_3_1531960686391"},{"type":"standard","title":null,"output":{},"parent":"node_1_1531960686361","context":null,"metadata":{},"next_step":{"behavior":"jump_to","selector":"body","dialog_node":"node_1_1531960686361"},"conditions":"!@category_restaurant","description":null,"dialog_node":"node_5_1531960686391","previous_sibling":"node_4_1531960686391"},{"type":"standard","title":"식당안내 A-Chat UI 적용(img_slider)","output":{"text":{"values":["양식 식당 안내입니다"],"selection_policy":"sequential"}},"parent":"node_1_1531960686361","context":{"achat_ui":{"content":[{"img_url":"https://www.airport.kr/fileroot/fic/img_1/vips.png","img_title":"<p style='color: blue; margin-left: -40px;'><a href='https://www.airport.kr/ap/ko/map/mapInfo.do?SN=1751' target='_blank'>빕스 익스프레스(상세정보)</a></p>"},{"img_url":"https://www.airport.kr/fileroot/fic/20180531152905512_0.jpg","img_title":"<p style='color: blue; margin-left: -40px;'><a href='https://www.airport.kr/ap/ko/map/mapInfo.do?SN=2077' target='_blank'>경양식당(상세정보)</a></p>"},{"img_url":"https://www.airport.kr/fileroot/fic/img_1/villadecharlotte.png","img_title":"<p style='color: blue; margin-left: -40px;'><a href='https://www.airport.kr/ap/ko/map/mapInfo.do?SN=1310' target='_blank'>빌라드샬롯(상세정보)</a></p>"}],"ui_type":"img_slider"}},"metadata":{},"next_step":null,"conditions":"@category_restaurant:양식","description":null,"dialog_node":"node_3_1531960686391","previous_sibling":"node_2_1531960686391"},{"type":"standard","title":"식당안내 A-Chat UI 적용(img_slider)","output":{"text":{"values":["한식 식당 안내입니다"],"selection_policy":"sequential"}},"parent":"node_1_1531960686361","context":{"achat_ui":{"content":[{"img_url":"https://www.airport.kr/fileroot/fic/20180424175955241_0.png","img_title":"<p style='color: blue; margin-left: -40px;'><a href='https://www.airport.kr/ap/ko/map/mapInfo.do?SN=1763' target='_blank'>서울(상세정보)</a></p>"},{"img_url":"https://www.airport.kr/fileroot/fic/img_1/jayeon.png","img_title":"<p style='color: blue; margin-left: -40px;'><a href='https://www.airport.kr/ap/ko/map/mapInfo.do?SN=1823' target='_blank'>자연은맛있다(상세정보)</a></p>"},{"img_url":"https://www.airport.kr/fileroot/fic/20180528093411773_0.JPG","img_title":"<p style='color: blue; margin-left: -40px;'><a href='https://www.airport.kr/ap/ko/map/mapInfo.do?SN=2071' target='_blank'>한국집(상세정보)</a></p>"}],"ui_type":"img_slider"}},"metadata":{},"next_step":null,"conditions":"@category_restaurant:한식","description":null,"dialog_node":"node_2_1531960686391","previous_sibling":null},{"type":"standard","title":null,"output":{},"parent":"node_64_1531920505841","context":null,"metadata":{},"next_step":{"behavior":"jump_to","selector":"body","dialog_node":"node_64_1531920505841"},"conditions":"!@category_restaurant","description":null,"dialog_node":"node_68_1531920505855","previous_sibling":"node_67_1531920505855"},{"type":"standard","title":"식당안내 A-Chat UI 적용(img_slider)","output":{"text":{"values":["양식 식당 안내입니다"],"selection_policy":"sequential"}},"parent":"node_64_1531920505841","context":{"achat_ui":{"content":[{"img_url":"https://www.airport.kr/fileroot/fic/img_1/vips.png","img_title":"빕스 익스프레스"},{"img_url":"https://www.airport.kr/fileroot/fic/20180531152905512_0.jpg","img_title":"경양식당"},{"img_url":"https://www.airport.kr/fileroot/fic/img_1/villadecharlotte.png","img_title":"빌라드샬롯"}],"ui_type":"img_slider"}},"metadata":{},"next_step":null,"conditions":"@category_restaurant:양식","description":null,"dialog_node":"node_66_1531920505855","previous_sibling":"node_65_1531920505855"},{"type":"standard","title":"식당안내 A-Chat UI 적용(img_slider)","output":{"text":{"values":["아시안 식당 안내입니다"],"selection_policy":"sequential"}},"parent":"node_64_1531920505841","context":{"achat_ui":{"content":[{"img_url":"https://www.airport.kr/fileroot/fic/20180209094326953_0.PNG","img_title":"영빈루"},{"img_url":"https://www.airport.kr/fileroot/fic/img_1/sanuki.png","img_title":"사누끼보레"},{"img_url":"https://www.airport.kr/fileroot/fic/20180531153348757_0.jpg","img_title":"방콕9"}],"ui_type":"img_slider"}},"metadata":{},"next_step":null,"conditions":"@category_restaurant:아시안","description":null,"dialog_node":"node_67_1531920505855","previous_sibling":"node_66_1531920505855"},{"type":"standard","title":"식당안내 A-Chat UI 적용(img_slider)","output":{"text":{"values":["한식 식당 안내입니다"],"selection_policy":"sequential"}},"parent":"node_64_1531920505841","context":{"achat_ui":{"content":[{"img_url":"https://www.airport.kr/fileroot/fic/20180424175955241_0.png","img_title":"서울"},{"img_url":"https://www.airport.kr/fileroot/fic/img_1/jayeon.png","img_title":"자연은맛있다"},{"img_url":"https://www.airport.kr/fileroot/fic/20180528093411773_0.JPG","img_title":"한국집"}],"ui_type":"img_slider"}},"metadata":{},"next_step":null,"conditions":"@category_restaurant:한식","description":null,"dialog_node":"node_65_1531920505855","previous_sibling":null},{"type":"response_condition","title":null,"output":{},"parent":"node_40_1531906366829","context":null,"disabled":true,"metadata":{},"next_step":null,"conditions":null,"description":null,"dialog_node":"node_55_1531908409281","previous_sibling":"slot_43_1531907242827"},{"type":"slot","title":null,"output":{},"parent":"node_40_1531906366829","context":null,"metadata":{},"variable":"$coat_yes_no","next_step":null,"conditions":null,"description":null,"dialog_node":"slot_43_1531907242827","previous_sibling":null},{"type":"event_handler","title":null,"output":{"text":"코트보관 시설을 선택해 주세요."},"parent":"slot_30_1531902289785","context":null,"metadata":{},"next_step":null,"conditions":null,"event_name":"focus","description":null,"dialog_node":"handler_32_1531902289785","previous_sibling":"handler_31_1531902289785"},{"type":"event_handler","title":null,"output":{},"parent":"slot_30_1531902289785","context":{"overcoat_store":"@overcoat_store"},"metadata":{},"next_step":null,"conditions":"@overcoat_store","event_name":"input","description":null,"dialog_node":"handler_31_1531902289785","previous_sibling":null},{"type":"standard","title":null,"output":{"text":{"values":["[SPA ON AIR(사우나)]<br>\n▷위치: 인천공항 여객터미널 지하 1층 동편<br>\n▷운영시간: 24시간 운영<br>\n▷가격: 1개당 1일 2,000원<br><br>\n\n인천국제공항 외투보관서비스는 <a href='https://www.airport.kr/ap/ko/svc/getFacilityMain.do?CTGRY_ID=19&UPPER_ID=191' target='_blank'>홈페이지>공항서비스>생활/미용>외투보관</a>에서 확인하실 수 있습니다."],"selection_policy":"sequential"}},"parent":"node_26_1531902111412","context":null,"metadata":{},"next_step":null,"conditions":"@overcoat_store:(SPA ON AIR)","description":null,"dialog_node":"node_37_1531906275222","previous_sibling":"node_29_1531902289783"},{"type":"standard","title":null,"output":{"text":{"values":["[CJ대한통운]<br>\n▷위치: 인천공항 여객터미널 3층 A카운터 뒷편<br>\n▷운영시간: 24시간 운영<br>\n▷내용: 1박스당 1일 6,000원~14,000원<br><br>\n\n인천국제공항 외투보관서비스는 <a href='https://www.airport.kr/ap/ko/svc/getFacilityMain.do?CTGRY_ID=19&UPPER_ID=191' target='_blank'>홈페이지>공항서비스>생활/미용>외투보관</a>에서 확인하실 수 있습니다."],"selection_policy":"sequential"}},"parent":"node_26_1531902111412","context":null,"metadata":{},"next_step":null,"conditions":"@overcoat_store:CJ대한통운","description":null,"dialog_node":"node_38_1531906276574","previous_sibling":"node_37_1531906275222"},{"type":"standard","title":null,"output":{},"parent":"node_26_1531902111412","context":null,"metadata":{"fallback":"leave","_customization":{"mcr":false}},"next_step":{"behavior":"jump_to","selector":"body","dialog_node":"node_26_1531902111412"},"conditions":"!@overcoat_store","description":null,"dialog_node":"node_40_1531906366829","digress_out":"allow_all","previous_sibling":"node_39_1531906277401"},{"type":"standard","title":null,"output":{"text":{"values":["[한진택배]<br>\n▷위치: 인천공항 여객터미널 3층 M카운터 뒷편<br>\n▷운영시간: 24시간 운영<br>\n▷내용: 1개당 1일 2,500원<br><br>\n\n인천국제공항 외투보관서비스는 <a href='https://www.airport.kr/ap/ko/svc/getFacilityMain.do?CTGRY_ID=19&UPPER_ID=191' target='_blank'>홈페이지>공항서비스>생활/미용>외투보관</a>에서 확인하실 수 있습니다."],"selection_policy":"sequential"}},"parent":"node_26_1531902111412","context":null,"metadata":{},"next_step":null,"conditions":"@overcoat_store:한진택배","description":null,"dialog_node":"node_39_1531906277401","previous_sibling":"node_38_1531906276574"},{"type":"standard","title":null,"output":{"text":{"values":["[클린업에어 세탁소]<br>\n▷위치: 인천국제공항 여객터미널 지하 1층 서편<br>\n▷운영시간: 08:00-20:00(평일) / 08:00-18:00(주말, 휴일)<br>\n▷가격: 1개당 6박7일 10,000원(이후 1일 2,000원씩 추가)<br><br>\n\n인천국제공항 외투보관서비스는 <a href='https://www.airport.kr/ap/ko/svc/getFacilityMain.do?CTGRY_ID=19&UPPER_ID=191' target='_blank'>홈페이지>공항서비스>생활/미용>외투보관</a>에서 확인하실 수 있습니다."],"selection_policy":"sequential"}},"parent":"node_26_1531902111412","context":null,"metadata":{"fallback":"leave","_customization":{"mcr":false}},"next_step":null,"conditions":"@overcoat_store:(클린업에어 세탁소)","description":null,"dialog_node":"node_29_1531902289783","digress_out":"allow_all","previous_sibling":null},{"type":"event_handler","title":null,"output":{},"parent":"slot_21_1531940552877","context":null,"metadata":null,"next_step":null,"conditions":null,"event_name":"focus","description":null,"dialog_node":"handler_23_1531940552877","previous_sibling":"handler_22_1531940552877"},{"type":"event_handler","title":null,"output":null,"parent":"slot_21_1531940552877","context":null,"metadata":null,"next_step":null,"conditions":null,"event_name":"input","description":null,"dialog_node":"handler_22_1531940552877","previous_sibling":null},{"type":"response_condition","title":null,"output":{"text":{"values":["[클린업에어 세탁소]<br> ▷위치: 인천국제공항 여객터미널 지하 1층 서편<br> ▷운영시간: 08:00-20:00(평일) / 08:00-18:00(주말, 휴일)<br> ▷가격: 1개당 6박7일 10,000원(이후 1일 2,000원씩 추가)<br><br>  추가 정보는 아래 링크에서 확인하실 수 있습니다."]}},"parent":"node_3_1531894538229","context":{"achat_ui":{"img":["https://www.airport.kr/fileroot/fic/img_1/cleanup.png"],"content":[{"url":"https://www.airport.kr/ap/ko/svc/getFacilityMain.do?CTGRY_ID=19&UPPER_ID=191","title":"홈페이지>공항서비스>생활/미용>외투보관"}],"ui_type":"url"}},"disabled":true,"metadata":{},"next_step":null,"conditions":"@overcoat_store:(클린업에어 세탁소)","description":null,"dialog_node":"node_5_1531894740833","previous_sibling":null},{"type":"standard","title":null,"output":{"text":{"values":[],"selection_policy":"sequential"}},"parent":"node_4_1531940178757","context":null,"metadata":{},"next_step":{"behavior":"jump_to","selector":"body","dialog_node":"node_4_1531940178757"},"conditions":"!@category_area","description":null,"dialog_node":"node_19_1531940390994","previous_sibling":"node_5_1531940178770"},{"type":"slot","title":null,"output":{},"parent":"node_4_1531940178757","context":null,"metadata":{},"next_step":null,"conditions":null,"description":null,"dialog_node":"slot_13_1531940178770","previous_sibling":"node_19_1531940390994"},{"type":"standard","title":"지역별 관광안내(Open API) A-Chat UI 적용(list)","output":{"text":{"values":["관광 타입을 선택해 주세요."],"selection_policy":"sequential"}},"parent":"node_4_1531940178757","context":{"linkValue":"157","param_list":{"param1":"XWLoKWKK1OoxX14HNLXd%2BEapa2J4SaZZwSPRE8LSYL6oNxFY7uTDF5QCFn0VsSTk3r5AQyBPu%2FvwcF%2FdwVswmQ%3D%3D","param2":"ETC","param3":"app1","param4":"json"},"returnType":"L","returnValue":"157","category_area":"<? @category_area ?>"},"metadata":{"fallback":"leave"},"next_step":null,"conditions":"@category_area","description":null,"dialog_node":"node_5_1531940178770","digress_out":"allow_all","previous_sibling":null},{"type":"standard","title":null,"output":{},"parent":"node_59_1531918098364","context":null,"metadata":{},"next_step":{"behavior":"jump_to","selector":"body","dialog_node":"node_59_1531918098364"},"conditions":"!@category_restaurant","description":null,"dialog_node":"node_63_1531918392049","previous_sibling":"node_62_1531918390561"},{"type":"standard","title":null,"output":{"text":{"values":["[빕스 익스프레스]<br>\n▷영업시간: 07:00 ~ 22:00<br>\n▷연락처: 032-743-2997<br>\n▷위치: <a href='https://www.airport.kr/ap/ko/map/mapInfo.do?SN=1751' target='_blank'>제1여객터미널 1층 일반지역 D 입국장 부근</a><br>\n▷주요상품: BBQ 플래터, 핫도그, 나초, 쌀국수 등<br><br>\n\n[경양식당]<br>\n▷영업시간: 06:30 ~ 22:00<br>\n▷연락처: 032-743-7048<br>\n▷위치: <a href='https://www.airport.kr/ap/ko/map/mapInfo.do?SN=2077' target='_blank'>제1여객터미널 지하 1층 중앙</a><br>\n▷주요상품: 경양식당 수제 돈가스, 함박스테이크, 골든 오므라이스, 나폴리탄 스파게티<br><br>\n\n[빌라드샬롯]<br>\n▷영업시간: 06:00 ~ 21:00<br>\n▷연락처: 032-743-6541<br>\n▷위치: <a href='https://www.airport.kr/ap/ko/map/mapInfo.do?SN=1310' target='_blank'>제2여객터미널 4층 일반지역 중앙</a><br>\n▷주요상품: 파스타, 피자, 스테이크, 리조또, 샐러드"],"selection_policy":"sequential"}},"parent":"node_59_1531918098364","context":null,"metadata":{},"next_step":null,"conditions":"@category_restaurant:양식","description":null,"dialog_node":"node_61_1531918389448","previous_sibling":"node_60_1531918386560"},{"type":"standard","title":null,"output":{"text":{"values":["[영빈루]<br>\n▷영업시간: 10:00 ~ 22:00<br>\n▷연락처: 032-743-0888<br>\n▷위치: <a href='https://www.airport.kr/ap/ko/map/mapInfo.do?SN=1699' target='_blank'>제1여객터미널 교통센터 지하 1층 동편</a><br>\n▷주요상품: 중식 면요리, 코스요리<br><br>\n\n[사누끼보레]<br>\n▷영업시간: 00:00 ~ 24:00<br>\n▷연락처: 032-743-7593<br>\n▷위치: <a href='https://www.airport.kr/ap/ko/map/mapInfo.do?SN=1756' target='_blank'>제1여객터미널 3층 면세지역 46번 게이트 부근</a><br>\n▷주요상품: 돈부리, 우동, 오니기리 등<br><br>\n\n[방콕9]<br>\n▷영업시간: 06:30 ~ 22:00<br>\n▷연락처: 032-743-7048<br>\n▷위치: <a href='https://www.airport.kr/ap/ko/map/mapInfo.do?SN=2078' target='_blank'>제1여객터미널 지하 1층 중앙</a><br>\n▷주요상품: 소고기 쌀국수,매운돼지고기 쌀국수,똠얌 새우 쌀국수,태국식 돼지고기 덮밥","밥"],"selection_policy":"sequential"}},"parent":"node_59_1531918098364","context":null,"metadata":{},"next_step":null,"conditions":"@category_restaurant:아시안","description":null,"dialog_node":"node_62_1531918390561","previous_sibling":"node_61_1531918389448"},{"type":"standard","title":null,"output":{"text":{"values":["[서울]<br>\n▷영업시간: 06:00 ~ 22:00<br>\n▷연락처: 032-743-6966<br>\n▷위치: <a href='https://www.airport.kr/ap/ko/map/mapInfo.do?SN=1763' target='_blank'>제1여객터미널 4층 일반지역 동편</a><br>\n▷주요상품: 한식, 찌개, 탕, 비빔밥, 삼치구이, 떡갈비, 보리굴비 등<br><br>\n\n[자연은맛있다]<br>\n▷영업시간: 06:30 ~ 22:00<br>\n▷연락처: 032-743-4821<br>\n▷위치: <a href='https://www.airport.kr/ap/ko/map/mapInfo.do?SN=1823' target='_blank'>제1여객터미널 4층 일반지역 서편</a><br>\n▷주요상품: 한식 면요리, 생맥주, 음료, 커피<br><br>\n\n[한국집]<br>\n▷영업시간: 06:30 ~ 22:00<br>\n▷연락처: 032-743-7049<br>\n▷위치: <a href='https://www.airport.kr/ap/ko/map/mapInfo.do?SN=2071' target='_blank'>제1여객터미널 지하 1층 중앙</a><br>\n▷주요상품: 전주 정통 비빔밥, 돌솥 제육 비빔밥, 매운 쭈꾸미 덮밥, 김치찌개 정식"],"selection_policy":"sequential"}},"parent":"node_59_1531918098364","context":null,"metadata":{},"next_step":null,"conditions":"@category_restaurant:한식","description":null,"dialog_node":"node_60_1531918386560","previous_sibling":null},{"type":"event_handler","title":null,"output":{},"parent":"slot_16_1531940275662","context":null,"metadata":null,"next_step":null,"conditions":null,"event_name":"focus","description":null,"dialog_node":"handler_18_1531940275662","previous_sibling":"handler_17_1531940275662"},{"type":"event_handler","title":null,"output":null,"parent":"slot_16_1531940275662","context":null,"metadata":null,"next_step":null,"conditions":null,"event_name":"input","description":null,"dialog_node":"handler_17_1531940275662","previous_sibling":null},{"type":"event_handler","title":null,"output":{"text":"잘못 선택하셨습니다. 다시 질문하시겠어요?<br> 1. Yes<br> 2. No"},"parent":"slot_43_1531907242827","context":null,"metadata":null,"next_step":null,"conditions":null,"event_name":"focus","description":null,"dialog_node":"handler_45_1531907242827","previous_sibling":"handler_44_1531907242827"},{"type":"event_handler","title":null,"output":{},"parent":"slot_43_1531907242827","context":{"coat_yes_no":"@answer_yes_no"},"metadata":{},"next_step":null,"conditions":"@answer_yes_no","event_name":"input","description":null,"dialog_node":"handler_44_1531907242827","previous_sibling":null},{"type":"standard","title":"3.3 여행금지국가 조회((Open API) A-Chat UI 적용(list)","output":{},"parent":null,"context":{"linkValue":"187","param_list":{"param1":"XWLoKWKK1OoxX14HNLXd%2BEapa2J4SaZZwSPRE8LSYL6oNxFY7uTDF5QCFn0VsSTk3r5AQyBPu%2FvwcF%2FdwVswmQ%3D%3D","param2":"1","param3":"json"},"returnType":"L","returnValue":"187"},"metadata":{},"next_step":null,"conditions":"#travel_ban_country","description":null,"dialog_node":"node_31_1531945357834","previous_sibling":"node_37_1531949113588"},{"type":"standard","title":"2.2 식당안내 Multi Turn","output":{"text":{"values":["식당 종류를 선택해 주세요.<br>\n1. 한식<br>\n2. 양식<br>\n3. 아시안"],"selection_policy":"sequential"}},"parent":null,"context":null,"metadata":{},"next_step":null,"conditions":null,"description":null,"dialog_node":"node_59_1531918098364","previous_sibling":"node_2_1531894442315"},{"type":"standard","title":"4.3 지역별 관광안내(Open API) A-Chat UI 적용(list)","output":{"text":{"values":["관광 지역을 선택해 주세요."],"selection_policy":"sequential"}},"parent":null,"context":{"linkValue":"184","param_list":{"param1":"XWLoKWKK1OoxX14HNLXd%2BEapa2J4SaZZwSPRE8LSYL6oNxFY7uTDF5QCFn0VsSTk3r5AQyBPu%2FvwcF%2FdwVswmQ%3D%3D","param2":"ETC","param3":"app1","param4":"17","param5":"json"},"returnType":"L","returnValue":"184"},"metadata":{"fallback":"leave"},"next_step":null,"conditions":"#airport_tour_area","digress_in":"does_not_return","description":null,"dialog_node":"node_4_1531940178757","digress_out":"allow_all","previous_sibling":"node_31_1531945357834"},{"type":"standard","title":"1.1 외투보관 Single Turn","output":{"text":{"values":["[클린업에어 세탁소]<br>\n▷위치: 인천국제공항 여객터미널 지하 1층 서편<br>\n▷운영시간: 08:00-20:00(평일) / 08:00-18:00(주말, 휴일)<br>\n▷가격: 1개당 6박7일 10,000원(이후 1일 2,000원씩 추가)<br><br>\n\n[SPA ON AIR(사우나)]<br>\n▷위치: 인천공항 여객터미널 지하 1층 동편<br>\n▷운영시간: 24시간 운영<br>\n▷가격: 1개당 1일 2,000원<br><br>\n\n[CJ대한통운]<br>\n▷위치: 인천공항 여객터미널 3층 A카운터 뒷편<br>\n▷운영시간: 24시간 운영<br>\n▷내용: 1박스당 1일 6,000원~14,000원<br><br>\n\n[한진택배]<br>\n▷위치: 인천공항 여객터미널 3층 M카운터 뒷편<br>\n▷운영시간: 24시간 운영<br>\n▷내용: 1개당 1일 2,500원<br><br>\n\n인천국제공항 외투보관서비스는 <a href='https://www.airport.kr/ap/ko/svc/getFacilityMain.do?CTGRY_ID=19&UPPER_ID=191' target='_blank'>홈페이지>공항서비스>생활/미용>외투보관</a>에서 확인하실 수 있습니다."],"selection_policy":"sequential"}},"parent":null,"context":null,"metadata":{},"next_step":null,"conditions":null,"description":null,"dialog_node":"node_21_1531901188984","previous_sibling":"환영 인사"},{"type":"standard","title":"3.1 여행금지국가 조회 Single Turn","output":{"text":{"values":["▷이라크 (2007년 8월 7일 ~ 2019년 1월 31일까지)<br><br>\n▷소말리아·아프가니스탄 (2007년 8월 7일 ~ 2019년 1월 31일까지)<br><br>\n▷예멘 (2011년 6월 28일 ~ 2019년 1월 31일까지)<br><br>\n▷시리아 (2011년 8월 20일 ~ 2019년 1월 31일까지)<br><br>\n▷리비아 (2014년 8월 4일 ~ 2019년 1월 31일까지)<br><br>\n▷필리핀 일부지역(잠보앙가, 술루 군도, 바실란, 타위타위 군도)(2015년 12월 1일 ~ 2019년 1월 31일까지)<br><br>"],"selection_policy":"sequential"}},"parent":null,"context":null,"metadata":{},"next_step":null,"conditions":null,"description":null,"dialog_node":"node_37_1531949113588","previous_sibling":"node_1_1531960686361"},{"type":"standard","title":"2.4 식당안내 A-Chat UI 적용(list), SDK 수정","output":{"text":{"values":["식당 종류를 선택해 주세요.<br>\n1. 한식<br>\n2. 양식<br>\n3. 아시안"],"selection_policy":"sequential"}},"parent":null,"context":null,"metadata":{},"next_step":null,"conditions":null,"description":null,"dialog_node":"node_1_1531960686361","previous_sibling":"node_64_1531920505841"},{"type":"standard","title":"1.2 외투보관 Multi Turn","output":{"text":{"values":["외투보관 시설을 선택해 주세요.<br>\n1. 클린업에어 세탁소<br>\n2. SPA ON AIR<br>\n3. CJ대한통운<br>\n4. 한진택배"],"selection_policy":"sequential"}},"parent":null,"context":null,"metadata":{},"next_step":null,"conditions":null,"description":null,"dialog_node":"node_26_1531902111412","previous_sibling":"node_21_1531901188984"},{"type":"standard","title":"1.3 외투보관 A-Chat UI 적용(list)","output":{"text":{"values":["외투보관 시설을 선택해 주세요."],"selection_policy":"sequential"}},"parent":null,"context":{"achat_ui":{"content":[{"title":"클린업에어 세탁소","response":"클린업에어 세탁소"},{"title":"SPA ON AIR(사우나)","response":"SPA ON AIR"},{"title":"CJ대한통운","response":"CJ대한통운"},{"title":"한진택배","response":"한진택배"}],"ui_type":"list"}},"metadata":{},"next_step":null,"conditions":"#airport_overcoat","digress_in":"does_not_return","description":null,"dialog_node":"node_2_1531894442315","previous_sibling":"node_26_1531902111412"},{"type":"standard","title":"기타","output":{"text":{"values":["알아듣기 쉽게 다시 말씀해주시면 좋겠어요.","다시 말씀해주시겠어요? 이해가 잘 안 되네요.","무슨 뜻인지 모르겠어요."],"selection_policy":"sequential"}},"parent":null,"context":null,"metadata":{},"next_step":null,"conditions":"anything_else","description":null,"dialog_node":"기타","previous_sibling":"node_4_1531940178757"},{"type":"standard","title":"2.3 식당안내 A-Chat UI 적용(list), SDK 미수정","output":{"text":{"values":["식당 종류를 선택해 주세요.<br>\n1. 한식<br>\n2. 양식<br>\n3. 아시안"],"selection_policy":"sequential"}},"parent":null,"context":null,"metadata":{},"next_step":null,"conditions":"#airport_restaurant","description":null,"dialog_node":"node_64_1531920505841","previous_sibling":"node_59_1531918098364"},{"type":"standard","title":"환영 인사","output":{"text":{"values":["안녕하세요? 무엇을 도와드릴까요?"],"selection_policy":"sequential"}},"parent":null,"context":null,"metadata":{},"next_step":null,"conditions":"welcome","description":null,"dialog_node":"환영 인사","previous_sibling":null}],"workspace_id":"8aa07a55-1779-454e-9bc7-55bd26e0db5a","counterexamples":[],"system_settings":null,"learning_opt_out":true}